# OpenTelemetry Metrics report: .csv, 4 fields: 
# <metric name>, <period start, nanoseconds>, <period end, nanoseconds>, <metric value>
# See CsvMetricsExporter for details.
# 
# NAME, PERIOD_START_NANOS, PERIOD_END_NANOS, VALUE
FilePageCache.totalBytesStored,1785429225201000000,1785429245630000000,1618016
FilePageCache.pageHits,1785429225201000000,1785429245630000000,0
FilePageCache.maxCacheSizeInBytes,1785429225201000000,1785429245630000000,403701760
FilePageCache.totalPageStoresUs,1785429225201000000,1785429245630000000,40585
FilePageCache.WAL.bytesQueued,1785429225201000000,1785429245630000000,639132
FilePageCache.pageLoads,1785429225201000000,1785429245630000000,388
StorageLockContext.competingThreads.avg,1785429225201000000,1785429245630000000,0.0
FilePageCache.WAL.entriesFlushedOnForce,1785429225201000000,1785429245630000000,0
FilePageCache.pageFastCacheHits,1785429225201000000,1785429245630000000,27037
FilePageCache.WAL.flushesForcedByOverflow,1785429225201000000,1785429245630000000,0
FilePageCache.WAL.entriesFlushedOnRead,1785429225201000000,1785429245630000000,26
DirectByteBufferAllocator.reclaimed,1785429225201000000,1785429245630000000,43
FileChannelInterruptsRetryer.totalRetriedAttempts,1785429225201000000,1785429245630000000,0
FilePageCache.maxRegisteredFiles,1785429225201000000,1785429245630000000,1078
FilePageCache.WAL.entriesFlushed,1785429225201000000,1785429245630000000,312
FilePageCache.WAL.entriesFlushedOnClose,1785429225201000000,1785429245630000000,0
FilePageCache.pageLoadsAboveSizeThreshold,1785429225201000000,1785429245630000000,0
FilePageCache.capacityInBytes,1785429225201000000,1785429245630000000,629145600
FilePageCache.disposedBuffers,1785429225201000000,1785429245630000000,388
DirectByteBufferAllocator.hits,1785429225201000000,1785429245630000000,3
DirectByteBufferAllocator.misses,1785429225201000000,1785429245630000000,385
FilePageCache.uncachedFileAccess,1785429225201000000,1785429245630000000,927
StorageLockContext.competingThreads.max,1785429225201000000,1785429245630000000,0
FilePageCache.WAL.bytesCopiedByApplyUnfinished,1785429225201000000,1785429245630000000,0
DirectByteBufferAllocator.totalSizeOfBuffersAllocatedInBytes,1785429225201000000,1785429245630000000,41943040
FilePageCache.WAL.entriesFlushedOnTruncate,1785429225201000000,1785429245630000000,0
DirectByteBufferAllocator.disposed,1785429225201000000,1785429245630000000,345
DirectByteBufferAllocator.totalSizeOfBuffersCachedInBytes,1785429225201000000,1785429245630000000,41943040
FilePageCache.totalPageDisposalsUs,1785429225201000000,1785429245630000000,2979
FilePageCache.totalPageLoadsUs,1785429225201000000,1785429245630000000,259308
StorageLockContext.competingThreads.90P,1785429225201000000,1785429245630000000,0
Indexes.allKeys.lookupDurationMaxMs,1785429225201000000,1785429245630000000,0.0
Indexing.cache.totalCacheEvicted,1785429225201000000,1785429245630000000,0
Indexing.cache.totalCacheMisses,1785429225201000000,1785429245630000000,0
Indexing.writer_1.totalTimeSpentWritingMs,1785429225201000000,1785429245630000000,0
Indexing.writesQueuedMax,1785429225201000000,1785429245630000000,0
Indexes.entries.lookupDurationAvgMs,1785429225201000000,1785429245630000000,0.0
Indexing.cache.totalCacheAccesses,1785429225201000000,1785429245630000000,0
Indexes.stubs.lookupDurationMaxMs,1785429225201000000,1785429245630000000,0.0
Indexing.totalTimeIndexersSleptMs,1785429225201000000,1785429245630000000,0
Indexes.entries.lookupDurationMaxMs,1785429225201000000,1785429245630000000,0.0
Indexes.allKeys.lookupDurationAvgMs,1785429225201000000,1785429245630000000,0.0
Indexes.stubs.lookupDuration90PMs,1785429225201000000,1785429245630000000,0.0
Indexes.stubs.lookupDurationAvgMs,1785429225201000000,1785429245630000000,0.0
Indexes.allKeys.lookupDuration90PMs,1785429225201000000,1785429245630000000,0.0
Indexes.stubs.lookups,1785429225201000000,1785429245630000000,0
Indexing.writer_2.totalTimeSpentWritingMs,1785429225201000000,1785429245630000000,0
Indexing.writer_3.totalTimeSpentWritingMs,1785429225201000000,1785429245630000000,0
Indexes.entries.lookupDuration90PMs,1785429225201000000,1785429245630000000,0.0
Indexes.entries.lookups,1785429225201000000,1785429245630000000,1
Indexes.allKeys.lookups,1785429225201000000,1785429245630000000,0
Indexing.writesQueuedMin,1785429225201000000,1785429245630000000,9223372036854775807
Indexing.writer_0.totalTimeSpentWritingMs,1785429225201000000,1785429245630000000,0
VFS.ContentWriter.totalTimeSpentOnSyncOperationsUs,1785429225201000000,1785429245630000000,0
VFS.ContentWriter.totalTasksExecutedSync,1785429225201000000,1785429245630000000,0
VFS.ContentWriter.totalTasksExecutedAsync,1785429225201000000,1785429245630000000,0
VFS.ContentWriter.totalFlushes,1785429225201000000,1785429245630000000,0
VFS.ContentWriter.totalTimeSpentOnAsyncOperationsUs,1785429225201000000,1785429245630000000,0
workspaceModel.moduleManagerBridge.build.module.graph.ms,1785429225201000000,1785429245630000000,0
workspaceModel.mutableEntityStorage.modify.entity.ms,1785429225201000000,1785429245630000000,0
jps.save.global.entities.ms,1785429225201000000,1785429245630000000,2
workspaceModel.mutableEntityStorage.instances.count,1785429225201000000,1785429245630000000,4
workspaceModel.moduleManagerBridge.load.module.ms,1785429225201000000,1785429245630000000,0
workspaceModel.mutableEntityStorage.changeLog.addReplaceEventForNewParent.ms,1785429225201000000,1785429245630000000,0
workspaceModel.mutableEntityStorage.collect.changes.ms,1785429225201000000,1785429245630000000,0
workspaceModel.mutableEntityStorage.resolve.ms,1785429225201000000,1785429245630000000,0
jps.app.storage.content.reader.load.component.ms,1785429225201000000,1785429245630000000,1
workspaceModel.moduleManagerBridge.create.module.instance.ms,1785429225201000000,1785429245630000000,0
workspaceModel.global.updates.ms,1785429225201000000,1785429245630000000,0
workspaceModel.do.save.caches.ms,1785429225201000000,1785429245630000000,0
workspaceModel.mutableEntityStorage.referrers.ms,1785429225201000000,1785429245630000000,0
jps.app.storage.content.writer.save.component.ms,1785429225201000000,1785429245630000000,1
workspaceModel.mutableEntityStorage.entities.by.source.ms,1785429225201000000,1785429245630000000,0
workspaceModel.moduleManagerBridge.newModule.ms,1785429225201000000,1785429245630000000,0
workspaceModel.moduleManagerBridge.set.unloadedModules.ms,1785429225201000000,1785429245630000000,0
workspaceModel.mutableEntityStorage.mutable.ext.mapping.ms,1785429225201000000,1785429245630000000,0
workspaceModel.load.cache.metadata.from.file.ms,1785429225201000000,1785429245630000000,0
workspaceModel.mutableEntityStorage.add.entity.ms,1785429225201000000,1785429245630000000,0
workspaceModel.load.cache.from.file.ms,1785429225201000000,1785429245630000000,1
workspaceModel.mutableEntityStorage.changeLog.addReplaceEventForRemovedParent.ms,1785429225201000000,1785429245630000000,0
workspaceModel.mutableEntityStorage.put.entity.ms,1785429225201000000,1785429245630000000,0
workspaceModel.mutableEntityStorage.changeLog.addReplaceEventForRemovedChild.ms,1785429225201000000,1785429245630000000,0
workspaceModel.mutableEntityStorage.has.same.entities.ms,1785429225201000000,1785429245630000000,0
jps.global.handle.changed.events.ms,1785429225201000000,1785429245630000000,0
jps.global.initialize.library.bridges.ms,1785429225201000000,1785429245630000000,0
jps.library.entities.serializer.load.entities.ms,1785429225201000000,1785429245630000000,0
workspaceModel.global.updates.count,1785429225201000000,1785429245630000000,0
jps.global.get.libraries.ms,1785429225201000000,1785429245630000000,25
workspaceModel.mutableEntityStorage.remove.entity.ms,1785429225201000000,1785429245630000000,0
jps.global.get.library.ms,1785429225201000000,1785429245630000000,0
workspaceModel.mutableEntityStorage.entities.ms,1785429225201000000,1785429245630000000,1
workspaceModel.moduleManagerBridge.new.nonPersistent.module.ms,1785429225201000000,1785429245630000000,0
jps.global.handle.before.change.events.ms,1785429225201000000,1785429245630000000,0
workspaceModel.save.cache.to.file.ms,1785429225201000000,1785429245630000000,0
workspaceModel.global.apply.state.to.project.ms,1785429225201000000,1785429245630000000,0
workspaceModel.global.apply.state.to.project.builder.ms,1785429225201000000,1785429245630000000,0
jps.global.initialize.library.bridges.after.loading.ms,1785429225201000000,1785429245630000000,2
workspaceModel.mutableEntityStorage.apply.changes.from.ms,1785429225201000000,1785429245630000000,0
workspaceModel.sync.entities.ms,1785429225201000000,1785429245630000000,0
jps.global.get.library.by.name.ms,1785429225201000000,1785429245630000000,0
workspaceModel.mutableEntityStorage.replace.by.source.ms,1785429225201000000,1785429245630000000,0
workspaceModel.mutableEntityStorage.changeLog.addReplaceEventForNewChild.ms,1785429225201000000,1785429245630000000,0
jps.load.initial.state.ms,1785429225201000000,1785429245630000000,15
workspaceModel.mutableEntityStorage.hasReferrers.ms,1785429225201000000,1785429245630000000,0
workspaceModel.moduleManagerBridge.get.modules.ms,1785429225201000000,1785429245630000000,1
workspaceModel.mutableEntityStorage.mutable.vfurl.index.ms,1785429225201000000,1785429245630000000,0
jps.library.entities.serializer.save.entities.ms,1785429225201000000,1785429245630000000,0
workspaceModel.moduleManagerBridge.load.all.modules.ms,1785429225201000000,1785429245630000000,0
workspaceModel.mutableEntityStorage.to.snapshot.ms,1785429225201000000,1785429245630000000,1
cacheStateStorage.get.counter,1785429225201000000,1785429245630000000,10
cacheStateStorage.get.duration,1785429225201000000,1785429245630000000,0
cacheStateStorage.set.counter,1785429225201000000,1785429245630000000,8
cacheStateStorage.set.duration,1785429225201000000,1785429245630000000,21
parser.VTL.time.ns,1785429225201000000,1785429245630000000,2586417
lexer.VTL.time.ns,1785429225201000000,1785429245630000000,544334
writeAction.max.wait.ms,1785429225201000000,1785429245630000000,36
parser.VTL.size.bytes,1785429225201000000,1785429245630000000,134
writeAction.median.wait.ms,1785429225201000000,1785429245630000000,0
writeAction.count,1785429225201000000,1785429245630000000,7
lexer.VTL.size.bytes,1785429225201000000,1785429245630000000,134
writeAction.wait.ms,1785429225201000000,1785429245630000000,36
workspaceModel.cachedValue.total.get.count,1785429225201000000,1785429245630000000,17
workspaceModel.init.bridges.ms,1785429225201000000,1785429245630000000,0
workspaceModel.updates.ms,1785429225201000000,1785429245630000000,0
workspaceModel.collect.changes.ms,1785429225201000000,1785429245630000000,0
workspaceModel.entityStorageSnapshotImpl.instances.count,1785429225201000000,1785429245630000000,3
workspaceModel.update.unloaded.entities.ms,1785429225201000000,1785429245630000000,0
workspaceModel.to.snapshot.ms,1785429225201000000,1785429245630000000,0
workspaceModel.cachedValueWithParameters.clear.count,1785429225201000000,1785429245630000000,0
workspaceModel.cachedValueWithParameters.calculated.count,1785429225201000000,1785429245630000000,0
workspaceModel.on.changed.ms,1785429225201000000,1785429245630000000,0
workspaceModel.replace.project.model.ms,1785429225201000000,1785429245630000000,0
workspaceModel.cachedValue.clear.count,1785429225201000000,1785429245630000000,0
workspaceModel.full.replace.project.model.ms,1785429225201000000,1785429245630000000,0
workspaceModel.updates.count,1785429225201000000,1785429245630000000,0
workspaceModel.loading.total.ms,1785429225201000000,1785429245630000000,37
workspaceModel.cachedValueWithParameters.total.get.count,1785429225201000000,1785429245630000000,0
workspaceModel.cachedValueWithParameters.from.cache.count,1785429225201000000,1785429245630000000,0
workspaceModel.cachedValue.from.cache.count,1785429225201000000,1785429245630000000,15
workspaceModel.initializing.ms,1785429225201000000,1785429245630000000,0
workspaceModel.on.before.changed.ms,1785429225201000000,1785429245630000000,0
workspaceModel.check.recursive.update.ms,1785429225201000000,1785429245630000000,0
workspaceModel.pre.handlers.ms,1785429225201000000,1785429245630000000,0
workspaceModel.updates.precise.ms,1785429225201000000,1785429245630000000,0
workspaceModel.cachedValue.calculated.count,1785429225201000000,1785429245630000000,2
workspaceModel.loading.from.cache.ms,1785429225201000000,1785429245630000000,33
NonBlockingReadAction.failedExecutionsCount,1785429225201000000,1785429245630000000,3
NonBlockingReadAction.failedExecutionTimeUs,1785429225201000000,1785429245630000000,259219
AWTEventQueue.dispatchTimeTotalNS,1785429225201000000,1785429245630000000,2398951739
NonBlockingReadAction.finalizedExecutionsCount,1785429225201000000,1785429245630000000,9
NonBlockingReadAction.finalizedExecutionTimeUs,1785429225201000000,1785429245630000000,43556
